Workbook

Sheet 说明
A1: 农庄牌：荒野远征 游戏配置数据表
A3: 游戏版本 | B3: 5.1.0
A4: 生成日期 | B4: 2026-09-19
A5: 数据来源 | B5: 由 tools/export-game-data.js 在浏览器中加载游戏后导出运行时 CONFIG（docs/game_data.json），数值与代码一致；改数值后重跑导出+本表脚本即可刷新。
A6: 工作表清单 | B6: 作物总表 / 作物材料产出 / 材料资源 / 武器 / 武器升级费用 / 修为折算 / 技能 / 消耗品 / Boss / 怪物 / 地图 / 农田扩建 / 玩家与远征参数
A7: v5.1 经济规则 | B7: ① 打造/升级武器所需材料只能由收获农作物产出（远征怪物仅掉落消耗品、金币，树精/宝箱掉泥土）；② 集齐材料后可自选【材料打造】或【修为抵扣】，修为只抵扣材料、金币仍需支付；③ 材料（ResourceSystem）不占仓库容量，消耗品与作物占容量。
A8: 农田 | B8: 共 48 格（8×6），初始 8 格，第 9 格起金币扩建，第 13 格起额外消耗植物纤维。
A9: 技能卡槽 | B9: 初始 1 槽，角色 Lv20/40/60/80 各 +1 槽（最多 5 槽）；准备大厅只显示修行台已装备技能。
A10: 占位数值声明 | B10: 作物材料掉率/数量、修为折算汇率、Boss 技能伤害系数、农田扩建费用为平衡性占位值，可在 CONFIG.cropMaterials、LoadoutSystem.CULT_PER_MAT、js/v5.js BOSS_HANDLERS、FarmSystem.getUnlockCost 中调整。
A11: 颜色约定 | B11: 蓝色为表头；黄色底为说明/注释；概率列以百分比存储（0.5 显示为 50%）。

Sheet 作物总表
A1: 作物总表（23 种）
A2: ID | B2: 图标 | C2: 作物名称 | D2: 生长时间(h) | E2: 种子价(金) | F2: 售价(金) | G2: 稀有度 | H2: 收获/卡牌产出 | I2: 材料产出（单株） | J2: 特殊机制
A3: pea_shooter | B3: 🫛 | C3: 豌豆射手 | D3: 24 | E3: 8 | F3: 12 | G3: 稀有 | H3: 必得攻击卡 | I3: 木材 50%×1 | J3: 可反复收获3次。
A4: sunflower | B4: 🌻 | C4: 向日葵 | D4: 18 | E4: 6 | F4: 45 | G4: 普通 | H4: 永久技能强化卡 | I4: 植物纤维 40%×1
A5: watermelon | B5: 🍉 | C5: 西瓜 | D5: 36 | E5: 15 | F5: 20 | G5: 稀有 | H5: 一次性技能卡 | I5: 晶核 35%×1
A6: cabbage | B6: 🥬 | C6: 卷心菜 | D6: 28 | E6: 10 | F6: 18 | G6: 普通 | H6: 草药包扎包 | I6: 植物纤维 50%×1
A7: wheat | B7: 🌾 | C7: 小麦 | D7: 15 | E7: 5 | F7: 15 | G7: 普通 | H7: 金币 | I7: 植物纤维 70%×1
A8: carrot | B8: 🥕 | C8: 胡萝卜 | D8: 20 | E8: 10 | F8: 25 | G8: 普通 | H8: — | I8: 堆肥 30%×1
A9: corn | B9: 🌽 | C9: 玉米 | D9: 30 | E9: 15 | F9: 45 | G9: 稀有 | H9: — | I9: —（无打造材料）
A10: pumpkin | B10: 🎃 | C10: 南瓜 | D10: 45 | E10: 25 | F10: 80 | G10: 稀有 | H10: — | I10: —（无打造材料）
A11: moon_rice | B11: ✨ | C11: 月光稻 | D11: 60 | E11: 0 | F11: 200 | G11: 传说 | H11: — | I11: —（无打造材料）
A12: ningqi_grass | B12: 🌱 | C12: 凝气草 | D12: 30 | E12: 20 | F12: 12 | G12: 修为作物 | H12: 修为+10 | I12: —（无打造材料） | J12: 修为作物，收获转化为修为。
A13: lingsui_wheat | B13: 🌾 | C13: 灵穗麦 | D13: 60 | E13: 60 | F13: 30 | G13: 修为作物 | H13: 修为+28 | I13: —（无打造材料） | J13: 修为作物，Lv15 解锁。
A14: chili | B14: 🌶️ | C14: 辣椒 | D14: 12 | E14: 8 | F14: 20 | G14: 普通 | H14: — | I14: 毒腺 30%×1 | J14: 收获后获得辣味buff，下一次远征攻击+15%（可叠加3层）
A15: garlic | B15: 🧄 | C15: 大蒜 | D15: 25 | E15: 12 | F15: 30 | G15: 普通 | H15: — | I15: 植物纤维 45%×1 | J15: 收获后获得驱虫buff，远征中雾天视野不缩减，持续2场
A16: mint | B16: 🌿 | C16: 薄荷 | D16: 14 | E16: 10 | F16: 18 | G16: 普通 | H16: — | I16: 植物纤维 40%×1 | J16: 可反复收获3次。生长快、可反复收获3次。收获后获得清醒buff，完美闪避窗口+30ms
A17: cactus | B17: 🌵 | C17: 仙人掌 | D17: 35 | E17: 15 | F17: 40 | G17: 稀有 | H17: — | I17: 石料 50%×1；甲壳 40%×1；铁矿 32%×1 | J17: 极耐旱，周围4格作物干旱免疫。收获获得刺甲buff，受击反弹10%伤害
A18: rice | B18: 🌾 | C18: 水稻 | D18: 28 | E18: 12 | F18: 35 | G18: 普通 | H18: — | I18: 植物纤维 80%×1 | J18: 需水田格子，雨天生长速度×2，雾天品质+1级
A19: ginseng | B19: 🫚 | C19: 人参 | D19: 72 | E19: 50 | F19: 150 | G19: 传说 | H19: — | I19: 木材 80%×2；巨兽獠牙 25%×1 | J19: 生长极慢（3天），收获时50%概率千年人参（售价×10+所有NPC好感+10）
A20: tomato | B20: 🍅 | C20: 番茄 | D20: 22 | E20: 10 | F20: 25 | G20: 普通 | H20: — | I20: 植物纤维 35%×1 | J20: 与薄荷/大蒜相邻触发意式组合→双方品质+1级。可加工为番茄酱（远征回血）
A21: rosemary | B21: 🌱 | C21: 迷迭香 | D21: 30 | E21: 15 | F21: 35 | G21: 稀有 | H21: — | I21: 植物纤维 45%×1 | J21: 可反复收获3次。可反复收获。收获后获得记忆buff，远征技能冷却-10%（传说-25%）
A22: frost_flower | B22: ❄️ | C22: 寒霜花 | D22: 30 | E22: 18 | F22: 55 | G22: 稀有 | H22: — | I22: 晶核 65%×1 | J22: 远征寒霜花种子培育而成。收获后获得寒霜护体，完美闪避窗口+25ms
A23: lightning_vine | B23: ⚡ | C23: 电藤 | D23: 36 | E23: 22 | F23: 80 | G23: 稀有 | H23: — | I23: 铁矿 55%×2；晶核 20%×1；精铁锭 6%×1 | J23: 缠绕电光的藤蔓。收获后获得疾电buff，远征技能冷却-12%
... A25: deathcap | B25: 🍄 | C25: 亡语菇 | D25: 48 | E25: 35 | F25: 120 | G25: 史诗 | H25: — | I25: 毒腺 70%×1；魂烬 50%×1；巨兽獠牙 12%×1 | J25: T3远征亡语菇种子培育而成。收获后获得剧毒之力，下一次远征攻击+20%（可叠加3层）

Sheet 作物材料产出
A1: 作物 → 打造材料 掉率明细（品质越高数量越多）
A2: 作物ID | B2: 作物 | C2: 图标 | D2: 材料ID | E2: 材料 | F2: 材料图标 | G2: 单株概率 | H2: 数量 | I2: 期望产出/株
A3: pea_shooter | B3: 豌豆射手 | C3: 🫛 | D3: wood | E3: 木材 | F3: 🪵 | G3: 0.5 | H3: 1 | I3: =G3*H3
A4: sunflower | B4: 向日葵 | C4: 🌻 | D4: fiber | E4: 植物纤维 | F4: 🌾 | G4: 0.4 | H4: 1 | I4: =G4*H4
A5: watermelon | B5: 西瓜 | C5: 🍉 | D5: crystal | E5: 晶核 | F5: 💎 | G5: 0.35 | H5: 1 | I5: =G5*H5
A6: cabbage | B6: 卷心菜 | C6: 🥬 | D6: fiber | E6: 植物纤维 | F6: 🌾 | G6: 0.5 | H6: 1 | I6: =G6*H6
A7: wheat | B7: 小麦 | C7: 🌾 | D7: fiber | E7: 植物纤维 | F7: 🌾 | G7: 0.7 | H7: 1 | I7: =G7*H7
A8: carrot | B8: 胡萝卜 | C8: 🥕 | D8: compost | E8: 堆肥 | F8: 🍂 | G8: 0.3 | H8: 1 | I8: =G8*H8
A9: chili | B9: 辣椒 | C9: 🌶️ | D9: venom | E9: 毒腺 | F9: 🧪 | G9: 0.3 | H9: 1 | I9: =G9*H9
A10: garlic | B10: 大蒜 | C10: 🧄 | D10: fiber | E10: 植物纤维 | F10: 🌾 | G10: 0.45 | H10: 1 | I10: =G10*H10
A11: mint | B11: 薄荷 | C11: 🌿 | D11: fiber | E11: 植物纤维 | F11: 🌾 | G11: 0.4 | H11: 1 | I11: =G11*H11
A12: cactus | B12: 仙人掌 | C12: 🌵 | D12: stone | E12: 石料 | F12: 🪨 | G12: 0.5 | H12: 1 | I12: =G12*H12
A13: cactus | B13: 仙人掌 | C13: 🌵 | D13: carapace | E13: 甲壳 | F13: 🐚 | G13: 0.4 | H13: 1 | I13: =G13*H13
A14: cactus | B14: 仙人掌 | C14: 🌵 | D14: iron | E14: 铁矿 | F14: ⛓️ | G14: 0.32 | H14: 1 | I14: =G14*H14
... A28: deathcap | B28: 亡语菇 | C28: 🍄 | D28: bossFang | E28: 巨兽獠牙 | F28: 🦷 | G28: 0.12 | H28: 1 | I28: =G28*H28
A30: 注：概率为单株每次收获的独立掉率；优良/稀有/传说品质收获按品质倍率增加材料数量（见 FarmSystem.onCropHarvested）。

Sheet 材料资源
A1: 材料与资源（14 种，材料不占仓库容量）
A2: 材料ID | B2: 图标 | C2: 名称 | D2: 类别 | E2: 来源（v5.1） | F2: 用途 | G2: 占仓库容量
A3: wood | B3: 🪵 | C3: 木材 | D3: 庄园资源 | E3: 作物：豌豆射手50%、九叶灵芝80%×2 | F3: 武器打造、建筑、火把 | G3: 否
A4: soil | B4: 🟫 | C4: 泥土 | D4: 庄园资源 | E4: 远征：树精掉落、宝箱 | F4: 修行升级、种植、堆肥 | G4: 否
A5: water | B5: 💧 | C5: 清水 | D5: 庄园资源 | E5: 远征：河湾/水洼采集 | F5: 升级、烹饪、温室 | G5: 否
A6: compost | B6: 🍂 | C6: 堆肥 | D6: 庄园资源 | E6: 作物：胡萝卜30%；工坊残料×2 | F6: 升级、高级种植 | G6: 否
A7: stone | B7: 🪨 | C7: 石料 | D7: 庄园资源 | E7: 作物：仙人掌50% | F7: 建筑、捕兽夹 | G7: 否
A8: fiber | B8: 🌾 | C8: 植物纤维 | D8: 庄园资源 | E8: 作物：向日葵/白菜/小麦/蒜/薄荷/水稻/番茄/迷迭香 | F8: 农田扩建、急救包、绳索 | G8: 否
A9: iron | B9: ⛓️ | C9: 铁矿 | D9: 矿材 | E9: 作物：仙人掌32%、雷鸣藤55%×2 | F9: 武器打造升级、提炼精铁锭 | G9: 否
A10: refined_iron | B10: 🔩 | C10: 精铁锭 | D10: 矿材 | E10: 作物：雷鸣藤6%；工坊：铁矿×3 | F10: 高级武器锻造 | G10: 否
A11: crystal | B11: 💎 | C11: 晶核 | D11: 远征材料 | E11: 作物：西瓜/冰心莲/雷鸣藤/幽魂兰 | F11: 武器打造升级、高级技能 | G11: 否
A12: venom | B12: 🧪 | C12: 毒腺 | D12: 远征材料 | E12: 作物：辣椒30%、幽冥毒伞70% | F12: 毒雾弹 | G12: 否
A13: carapace | B13: 🐚 | C13: 甲壳 | D13: 远征材料 | E13: 作物：仙人掌40% | F13: 护盾类工坊制品 | G13: 否
... A16: herb | B16: 🌿 | C16: 药草 | D16: 原料 | E16: 远征野外采摘、宝箱 | F16: 急救包、药剂 | G16: 否

Sheet 修为折算
A1: 修为抵扣汇率（打造/升级时可用修为替代材料，金币仍需支付）
A2: 材料ID | B2: 材料 | C2: 图标 | D2: 每单位抵扣修为
A3: wood | B3: 木材 | C3: 🪵 | D3: 40
A4: stone | B4: 石料 | C4: 🪨 | D4: 30
A5: fiber | B5: 植物纤维 | C5: 🌾 | D5: 20
A6: iron | B6: 铁矿 | C6: ⛓️ | D6: 60
A7: refined_iron | B7: 精铁锭 | C7: 🔩 | D7: 240
A8: crystal | B8: 晶核 | C8: 💎 | D8: 200
A9: venom | B9: 毒腺 | C9: 🧪 | D9: 80
A10: carapace | B10: 甲壳 | C10: 🐚 | D10: 80
A11: soul_ash | B11: 魂烬 | C11: 🌫️ | D11: 150
A12: bossFang | B12: 巨兽獠牙 | C12: 🦷 | D12: 800
A13: （未列出材料） | D13: 100
A14: 公式：所需修为 = Σ(材料数量 × 每单位修为)，结果四舍五入。金币不可用修为抵扣。

Sheet 武器
A1: 武器（5 种，每把可升 10 级）
A2: 武器ID | B2: 名称 | C2: 类型 | D2: 基础伤害 | E2: 射程 | F2: 攻击间隔(s) | G2: 弹速 | H2: 特性 | I2: 打造金币 | J2: 木材 | K2: 铁矿 | L2: 晶核 | M2: 材料修为抵扣 | N2: 需要蓝图
A3: harvest_sickle | B3: 丰收镰刃 | C3: 近战 | D3: 18 | E3: 82 | F3: 0.46 | G3: — | H3: 宽幅近战，可短暂打断敌人 | I3: 100 | J3: 3 | K3: 2 | L3: 0 | M3: =J3*'修为折算'!$D$3+K3*'修为折算'!$D$6+L3*'修为折算'!$D$8 | N3: 否
A4: pea_repeater | B4: 豌豆连弩 | C4: 远程 | D4: 11 | E4: 470 | F4: 0.28 | G4: 620 | H4: 快速远射，适合持续压制 | I4: 150 | J4: 5 | K4: 3 | L4: 0 | M4: =J4*'修为折算'!$D$3+K4*'修为折算'!$D$6+L4*'修为折算'!$D$8 | N4: 否
A5: vine_staff | B5: 藤芯法杖 | C5: 穿透 | D5: 24 | E5: 390 | F5: 0.72 | G5: 440 | H5: 灵藤波可贯穿多个目标 | I5: 200 | J5: 8 | K5: 0 | L5: 2 | M5: =J5*'修为折算'!$D$3+K5*'修为折算'!$D$6+L5*'修为折算'!$D$8 | N5: 否
A6: throwing_knife | B6: 飞刃 | C6: 远程 | D6: 16 | E6: 520 | F6: 0.35 | G6: 800 | H6: 高初速远程，攻速极快 | I6: 500 | J6: 0 | K6: 10 | L6: 3 | M6: =J6*'修为折算'!$D$3+K6*'修为折算'!$D$6+L6*'修为折算'!$D$8 | N6: 是
A7: flame_bow | B7: 烈焰长弓 | C7: 远程 | D7: 32 | E7: 600 | F7: 0.85 | G7: 550 | H7: 火焰箭矢，命中爆炸AOE | I7: 1000 | J7: 15 | K7: 8 | L7: 5 | M7: =J7*'修为折算'!$D$3+K7*'修为折算'!$D$6+L7*'修为折算'!$D$8 | N7: 是

Sheet 武器升级费用
A1: 武器升级费用（1→10 级，所有武器通用）
A2: 升级到等级 | B2: 金币 | C2: 铁矿 | D2: 晶核 | E2: 巨兽獠牙 | F2: 材料修为抵扣
A3: 1 | B3: 200 | C3: 3 | D3: 0 | E3: 0 | F3: =C3*'修为折算'!$D$6+D3*'修为折算'!$D$8+E3*'修为折算'!$D$12
A4: 2 | B4: 400 | C4: 5 | D4: 0 | E4: 0 | F4: =C4*'修为折算'!$D$6+D4*'修为折算'!$D$8+E4*'修为折算'!$D$12
A5: 3 | B5: 700 | C5: 8 | D5: 1 | E5: 0 | F5: =C5*'修为折算'!$D$6+D5*'修为折算'!$D$8+E5*'修为折算'!$D$12
A6: 4 | B6: 1000 | C6: 12 | D6: 2 | E6: 0 | F6: =C6*'修为折算'!$D$6+D6*'修为折算'!$D$8+E6*'修为折算'!$D$12
A7: 5 | B7: 1500 | C7: 20 | D7: 4 | E7: 0 | F7: =C7*'修为折算'!$D$6+D7*'修为折算'!$D$8+E7*'修为折算'!$D$12
A8: 6 | B8: 2200 | C8: 30 | D8: 6 | E8: 0 | F8: =C8*'修为折算'!$D$6+D8*'修为折算'!$D$8+E8*'修为折算'!$D$12
A9: 7 | B9: 3000 | C9: 40 | D9: 8 | E9: 1 | F9: =C9*'修为折算'!$D$6+D9*'修为折算'!$D$8+E9*'修为折算'!$D$12
A10: 8 | B10: 4000 | C10: 50 | D10: 12 | E10: 1 | F10: =C10*'修为折算'!$D$6+D10*'修为折算'!$D$8+E10*'修为折算'!$D$12
A11: 9 | B11: 5500 | C11: 70 | D11: 18 | E11: 2 | F11: =C11*'修为折算'!$D$6+D11*'修为折算'!$D$8+E11*'修为折算'!$D$12
A12: 10 | B12: 8000 | C12: 100 | D12: 25 | E12: 3 | F12: =C12*'修为折算'!$D$6+D12*'修为折算'!$D$8+E12*'修为折算'!$D$12

Sheet 技能
A1: 技能（16 个；前 4 个为初始技能，其余通过修行/卡牌解锁）
A2: 技能ID | B2: 图标 | C2: 名称 | D2: 类型 | E2: 能量消耗 | F2: 冷却(s) | G2: 射程/范围 | H2: 伤害 | I2: 效果
A3: straw_smash | B3: 🌾 | C3: 稻草猛击 | D3: aoe | E3: 20 | F3: 3 | G3: 95 | H3: 35 | I3: 横扫周围敌人造成伤害并短暂眩晕。
A4: vine_bind | B4: 🌿 | C4: 藤蔓缠绕 | D4: root | E4: 26 | F4: 6 | G4: 150 | H4: 12 | I4: 藤蔓缠绕周围敌人，定身并造成少量伤害。
A5: earth_dash | B5: 💨 | C5: 泥土遁走 | D5: dash | E5: 22 | F5: 4.5 | G5: — | H5: — | I5: 向鼠标方向突进，过程无敌。
A6: smoke_screen | B6: 💨 | C6: 烟幕诀 | D6: stealth | E6: 30 | F6: 9 | G6: — | H6: — | I6: 释放烟幕进入隐身，怪物丢失目标。
A7: chili_breath | B7: 🌶️ | C7: 辣椒火息 | D7: cone | E7: 34 | F7: 7 | G7: 170 | H7: 22 | I7: 锥形火焰持续灼烧，附加燃烧。
A8: pea_storm | B8: 🌀 | C8: 豌豆风暴 | D8: channel_peas | E8: 40 | F8: 12 | G8: 520 | H8: 10 | I8: 3 秒内连续发射速射弹幕。
A9: frost_barrier | B9: 🧊 | C9: 寒冰屏障 | D9: frost | E9: 38 | F9: 13 | G9: 110 | H9: 8 | I9: 获得护盾，近身敌人被减速。
A10: thorn_burst | B10: 🌵 | C10: 荆棘爆发 | D10: thorns | E10: 36 | F10: 14 | G10: 95 | H10: — | I10: 8 秒反伤光环，近身敌人持续受创。
A11: earth_slam | B11: 💥 | C11: 裂地猛击 | D11: slam | E11: 42 | F11: 10 | G11: 360/半径95 | H11: 60 | I11: 猛砸鼠标指定点，范围伤害并眩晕。
A12: gale_slash | B12: 🗡️ | C12: 疾风斩 | D12: gale | E12: 30 | F12: 6.5 | G12: 300 | H12: 30 | I12: 突进并留下穿透风刃。
A13: healing_rain | B13: 🌦️ | C13: 治愈甘霖 | D13: heal | E13: 44 | F13: 16 | G13: 120 | H13: — | I13: 5 秒范围持续回血。
A14: sun_drum | B14: 🥁 | C14: 骄阳战鼓 | D14: drum | E14: 40 | F14: 18 | G14: — | H14: — | I14: 10 秒攻速/移速提升。
A15: poison_mist | B15: ☠️ | C15: 毒雾蔓延 | D15: poison | E15: 46 | F15: 15 | G15: 380/半径120 | H15: 16 | I15: 指定点毒云，持续伤害并致盲。
A16: iron_armor | B16: 🛡️ | C16: 金刚藤甲 | D16: armor | E16: 48 | F16: 20 | G16: — | H16: — | I16: 6 秒减伤 50% 且霸体（不受硬直）。
A17: thunder_chain | B17: ⚡ | C17: 雷霆链 | D17: chain | E17: 42 | F17: 9 | G17: 420 | H17: 34 | I17: 闪电在最多 5 个敌人间跳跃。
A18: death_scythe | B18: 🌀 | C18: 死神镰舞 | D18: channel_scythe | E18: 70 | F18: 24 | G18: 120 | H18: 48 | I18: 3 秒旋转斩，持续绞杀周围敌人。

Sheet 消耗品
A1: 消耗品（26 种；仅 3 种战术品有快捷键、可在准备大厅携带，上限 5 件）
A2: 道具ID | B2: 图标 | C2: 名称 | D2: 快捷键 | E2: 商店价(金) | F2: 效果 | G2: 准备大厅可携带
A3: herb_kit | B3: 💊 | C3: 草药包扎包 | D3: Q | E3: 40 | F3: 回复50点生命值 | G3: 是
A4: thorn_storm | B4: 🌵 | C4: 荆棘狂潮 | D4: R | E4: 120 | F4: 大范围80点AOE伤害 | G4: 是
A5: signal_flare | B5: 🔥 | C5: 撤离信号弹 | D5: E | E5: 280 | F5: 就地召唤撤离点（需宝箱获取） | G5: 是
A6: beartrap_item | B6: 🪤 | C6: 捕兽夹 | D6: — | E6: 45 | F6: 在鼠标位置放置，定身踩中的敌人 3 秒。 | G6: 否
A7: war_horn | B7: 📯 | C7: 战吼号角 | D7: — | E7: 70 | F7: 放置图腾，12 秒内周围攻速 +40%。 | G7: 否
A8: scout_eagle | B8: 🦅 | C8: 侦察鹰 | D8: — | E8: 55 | F8: 8 秒内视野大幅扩大并驱散迷雾。 | G8: 否
A9: purify_tonic | B9: 🧴 | C9: 净化药剂 | D9: — | E9: 40 | F9: 清除自身减速/中毒等负面状态。 | G9: 否
A10: rage_tonic | B10: 💉 | C10: 狂暴药剂 | D10: — | E10: 65 | F10: 8 秒伤害 +50%，但受伤 +15%。 | G10: 否
A11: shield_gen | B11: 🛡️ | C11: 护盾发生器 | D11: — | E11: 80 | F11: 获得 120 点护盾，持续 10 秒。 | G11: 否
A12: rotting_bait | B12: 🍖 | C12: 腐肉诱饵 | D12: — | E12: 45 | F12: 扔向鼠标点，吸引怪物聚集 8 秒。 | G12: 否
A13: med_shot | B13: 💊 | C13: 急救针 | D13: — | E13: 90 | F13: 瞬间回复 50% 最大生命。 | G13: 否
A14: death_pardon | B14: 📜 | C14: 免死令 | D14: — | E14: 300 | F14: 阵亡时自动消耗，免除一次降级。 | G14: 否
... A28: poison_bomb | B28: ☠️ | C28: 毒雾弹 | D28: — | E28: 110 | F28: 投掷后范围 60 伤害并减速 3 秒。 | G28: 否

Sheet Boss
A1: Boss（12 只，每只独立状态机与特效）
A2: Boss ID | B2: 图标 | C2: 名称 | D2: 层级 | E2: 生命 | F2: 攻击 | G2: 移速 | H2: 体型半径 | I2: 行为类型 | J2: 技能机制（v5.1 差异化） | K2: 掉落材料 | L2: 二阶段
A3: t1_boar_king | B3: 🐗 | C3: 狂暴野猪王 | D3: T1 | E3: 820 | F3: 20 | G3: 96 | H3: 46 | I3: 近战·冲锋 | J3: 震荡波 + 锁定冲锋（半血狂暴） | K3: 巨兽獠牙、铁矿、石料 | L3: 60%/30% 血：攻速移速提升、冲锋更频繁
A4: t1_withered | B4: 🌳 | C4: 枯木精 | D4: T1 | E4: 900 | F4: 18 | G4: 70 | H4: 48 | I4: 近战·控场治疗 | J4: 树根缠绕定身 + 回血光环 | K4: 巨兽獠牙、木材、植物纤维 | L4: 低血缠绕+回血频率提升
A5: t1_quarry | B5: 🗿 | C5: 采石巨魔 | D5: T1 | E5: 980 | F5: 24 | G5: 64 | H5: 50 | I5: 近战+远程·护甲 | J5: 范围投石 + 岩石护甲减伤 | K5: 巨兽獠牙、石料、铁矿 | L5: 低血岩石护甲刷新、投石更密
A6: t2_gargoyle_lord | B6: 🦇 | C6: 石像鬼王 | D6: T2 | E6: 1180 | F6: 25 | G6: 104 | H6: 46 | I6: 飞行·近战+弹幕 | J6: 石化凝视 + 俯冲 + 弹幕散射 | K6: 巨兽獠牙、甲壳、石料 | L6: 低血俯冲连携散射
A7: t2_ruin_golem | B7: 🗿 | C7: 废墟魔像 | D7: T2 | E7: 1320 | F7: 27 | G7: 60 | H7: 52 | I7: 坦克·召唤分裂+远程 | J7: 血量分裂 + 反伤岩石护盾 + 碎石弹 | K7: 巨兽獠牙、精铁锭、晶核 | L7: 血量分裂为小怪、反伤护盾
A8: t3_swamp_hag | B8: 🧙‍♀️ | C8: 沼泽巫妪 | D8: T3 | E8: 1500 | F8: 28 | G8: 82 | H8: 46 | I8: 远程风筝·陷阱·天气 | J8: 毒沼陷阱 + 召唤雾天 + 诅咒毒弹（远程风筝） | K8: 巨兽獠牙、毒腺、魂烬 | L8: 低血毒弹连射、雾天常驻
A9: t3_brood_mother | B9: 🕷️ | C9: 虫母 | D9: T3 | E9: 1640 | F9: 24 | G9: 72 | H9: 52 | I9: 召唤·陷阱 | J9: 产卵虫潮 + 蛛网陷阱 | K9: 巨兽獠牙、甲壳、毒腺 | L9: 低血虫潮产卵加速、蛛网封锁
A10: t3_scorch_demon | B10: 🔥 | C10: 焦林炎魔 | D10: T3 | E10: 1720 | F10: 32 | G10: 88 | H10: 48 | I10: 近战+远程·陷阱·天气 | J10: 火雨陷阱 + 召唤雷暴 + 火焰连射 | K10: 巨兽獠牙、晶核、魂烬 | L10: 低血召唤雷暴、火弹三轮连射
A11: t4_abyss_lord | B11: 👹 | C11: 深渊领主 | D11: T4 | E11: 2100 | F11: 34 | G11: 80 | H11: 56 | I11: 召唤·复活·天气 | J11: 复活尸体 + 深渊领域（雾天召唤） | K11: 巨兽獠牙、魂烬、晶核 | L11: 低血复活场上尸体、深渊雾领域
A12: t4_time_warden | B12: ⏳ | C12: 时空守望 | D12: T4 | E12: 1980 | F12: 33 | G12: 92 | H12: 48 | I12: 传送·弹幕 | J12: 传送凝滞 + 环形弹幕齐射 | K12: 巨兽獠牙、魂烬、精铁锭 | L12: 低血传送凝滞+环形弹幕齐射
A13: t4_moon_priestess | B13: 🌙 | C13: 月之祭司 | D13: T4 | E13: 1900 | F13: 31 | G13: 86 | H13: 46 | I13: 治疗·召唤·天气·远程 | J13: 月光治疗 + 夜魇雾天召唤 + 月光弹 | K13: 巨兽獠牙、魂烬、晶核 | L13: 低血月光治疗+夜魇雾天召唤
A14: t4_arena_champion | B14: ⚔️ | C14: 竞技场冠军 | D14: T4 | E14: 2240 | F14: 38 | G14: 112 | H14: 48 | I14: 近战连招·冲锋 | J14: 突刺/横扫/跳劈三段连招 + 半血狂暴 | K14: 巨兽獠牙、精铁锭、晶核 | L14: 50% 血狂暴：突刺/横扫/跳劈连招加速

Sheet 怪物
A1: 普通怪与精英怪（23 种；Boss 见 Boss 表）
A2: 怪物ID | B2: 图标 | C2: 名称 | D2: 生命 | E2: 伤害 | F2: 移速 | G2: 攻击范围 | H2: 攻击间隔(s) | I2: 经验 | J2: 金币 | K2: 特性
A3: boar | B3: 🐗 | C3: 野猪 | D3: 60 | E3: 15 | F3: 140 | G3: 40 | H3: 1.2 | I3: 10 | J3: 8 | K3: —
A4: bat | B4: 🦇 | C4: 腐翼蝙蝠 | D4: 32 | E4: 10 | F4: 205 | G4: 42 | H4: 0.9 | I4: 9 | J4: 6 | K4: 飞行
A5: spider | B5: 🕷️ | C5: 毒雾蛛 | D5: 44 | E5: 13 | F5: 108 | G5: 260 | H5: 1.65 | I5: 11 | J5: 8 | K5: 远程
A6: locust | B6: 🦗 | C6: 巨型蝗虫 | D6: 35 | E6: 8 | F6: 160 | G6: 200 | H6: 1.8 | I6: 8 | J6: 5 | K6: 远程
A7: wolf | B7: 🐺 | C7: 野狼 | D7: 50 | E7: 12 | F7: 180 | G7: 35 | H7: 1 | I7: 12 | J7: 10 | K7: —
A8: armored_boar | B8: 🐗 | C8: 厚甲猪 | D8: 95 | E8: 18 | F8: 105 | G8: 40 | H8: 1.35 | I8: 18 | J8: 16 | K8: 减伤50%；披甲重装怪：减伤50%，专克输出植物
A9: swift_wolf | B9: 🐺 | C9: 疾风狼 | D9: 46 | E9: 12 | F9: 240 | G9: 36 | H9: 0.85 | I9: 13 | J9: 11 | K9: 免疫减速；速度极快且免疫减速，专克减速植物
A10: herbivore | B10: 🦌 | C10: 食草兽 | D10: 62 | E10: 11 | F10: 118 | G10: 34 | H10: 1.15 | I10: 15 | J10: 12 | K10: 优先啃植物；专啃植物防线，优先攻击植物
A11: treant | B11: 🌳 | C11: 树精 | D11: 140 | E11: 22 | F11: 80 | G11: 45 | H11: 1.4 | I11: 25 | J11: 20 | K11: 周围回血8/s；近战肉盾，周围友军每秒回血8
A12: gargoyle | B12: 👿 | C12: 石像鬼 | D12: 80 | E12: 18 | F12: 170 | G12: 40 | H12: 0.9 | I12: 28 | J12: 22 | K12: 飞行；俯冲双倍伤；飞行怪，周期性俯冲造成双倍伤害
A13: shadow_demon | B13: 👤 | C13: 影魔 | D13: 65 | E13: 25 | F13: 190 | G13: 38 | H13: 0.8 | I13: 35 | J13: 30 | K13: 隐身瞬移；周期性隐身瞬移到玩家身边
A14: boar_king | B14: 🐗 | C14: 狂暴野猪王 | D14: 350 | E14: 35 | F14: 150 | G14: 50 | H14: 1.1 | I14: 100 | J14: 120 | K14: 蓄力冲锋；精英；精英：蓄力冲锋+震荡波
... A16: treant_elder | B16: 🌲 | C16: 树精长老 | D16: 2500 | E16: 40 | F16: 60 | G16: 80 | H16: 1.5 | I16: 800 | J16: 1000 | K16: 召唤树根；旧版 Boss（保留）；T1 Boss：召唤树根缠绕+范围毒雾
A17: withered_treant | C17: 枯木守卫 | D17: 260 | E17: 22 | F17: 70 | I17: — | J17: 26 | K17: 回血6/s；精英
A18: quarry_troll | C18: 采石巨魔 | D18: 320 | E18: 26 | F18: 64 | I18: — | J18: 30 | K18: 远程；减伤30%；精英
A19: mill_wraith | C19: 磨坊怨灵 | D19: 220 | E19: 20 | F19: 122 | I19: — | J19: 28 | K19: 精英
A20: shadow_assassin | C20: 暗影刺客 | D20: 210 | E20: 30 | F20: 152 | I20: — | J20: 34 | K20: 精英
A21: brood_queen | C21: 育母蛛 | D21: 360 | E21: 18 | F21: 70 | I21: — | J21: 32 | K21: 召唤；精英
A22: swamp_hag_elite | C22: 沼泽女巫 | D22: 300 | E22: 24 | F22: 82 | I22: — | J22: 32 | K22: 远程；精英
A23: void_warden | C23: 虚空守卫 | D23: 440 | E23: 30 | F23: 76 | I23: — | J23: 40 | K23: 减伤35%；精英
A24: moon_priestess_elite | C24: 月光祭司 | D24: 320 | E24: 26 | F24: 86 | I24: — | J24: 38 | K24: 治疗；精英
A25: arena_elite | C25: 决斗精英 | D25: 400 | E25: 34 | F25: 112 | I25: — | J25: 42 | K25: 精英

Sheet 地图
A1: 远征地图（24 张，每层级 6 张）
A2: 地图ID | B2: 名称 | C2: 层级 | D2: 入场费(金) | E2: 危险度 | F2: 地形修正 | G2: 怪物数 | H2: 宝箱数 | I2: 掠夺者波次 | J2: 天气倾向 | K2: 精英 | L2: Boss | M2: 稀有种子率
A3: t1_1 | B3: 荒废野田 | C3: T1 | D3: 50 | E3: 低危 | F3: 标准 | G3: 12 | H3: 5 | I3: 0 | J3: 晴 | K3: 狂暴野猪王 | L3: 狂暴野猪王 | M3: 0.02
A4: t1_2 | B4: 风车平原 | C4: T1 | D4: 50 | E4: 低危 | F4: 开阔：视野+20% | G4: 10 | H4: 5 | I4: 0 | J4: 晴 | K4: 狂暴野猪王 | L4: 狂暴野猪王 | M4: 0.02
A5: t1_3 | B5: 青草坡 | C5: T1 | D5: 50 | E5: 低危 | F5: 多草：怪少2只 | G5: 10 | H5: 5 | I5: 0 | J5: 多云 | K5: 枯木守卫 | L5: 枯木精 | M5: 0.02
A6: t1_4 | B6: 旧采石场 | C6: T1 | D6: 50 | E6: 低危 | F6: 多石：障碍多 | G6: 14 | H6: 6 | I6: 0 | J6: 多云 | K6: 枯木守卫 | L6: 枯木精 | M6: 0.03
A7: t1_5 | B7: 河湾浅滩 | C7: T1 | D7: 50 | E7: 低危 | F7: 多水：减速区多 | G7: 12 | H7: 5 | I7: 0 | J7: 晴 | K7: 采石巨魔 | L7: 采石巨魔 | M7: 0.02
A8: t1_6 | B8: 牧道交叉口 | C8: T1 | D8: 50 | E8: 低危 | F8: 三岔路：撤离点随机 | G8: 12 | H8: 6 | I8: 0 | J8: 晴 | K8: 采石巨魔 | L8: 采石巨魔 | M8: 0.02
A9: t2_1 | B9: 废弃小农庄 | C9: T2 | D9: 250 | E9: 中危 | F9: 标准 | G9: 18 | H9: 7 | I9: 1 | J9: 雾 | K9: 远古魔像 | L9: 石像鬼王 | M9: 0.1
A10: t2_2 | B10: 枯井村落 | C10: T2 | D10: 250 | E10: 中危 | F10: 多雾：视野-10% | G10: 18 | H10: 7 | I10: 1 | J10: 雾 | K10: 远古魔像 | L10: 石像鬼王 | M10: 0.1
A11: t2_3 | B11: 旧磨坊 | C11: T2 | D11: 250 | E11: 中危 | F11: 狭窄：建筑多 | G11: 20 | H11: 8 | I11: 1 | J11: 阴 | K11: 磨坊怨灵 | L11: 石像鬼王 | M11: 0.1
A12: t2_4 | B12: 烟熏果园 | C12: T2 | D12: 250 | E12: 中危 | F12: 密集：埋伏多 | G12: 20 | H12: 7 | I12: 1 | J12: 阴 | K12: 磨坊怨灵 | L12: 废墟魔像 | M12: 0.12
A13: t2_5 | B13: 断桥废墟 | C13: T2 | D13: 250 | E13: 中危 | F13: 多坑：坠落掉血 | G13: 16 | H13: 8 | I13: 1 | J13: 雨 | K13: 远古魔像 | L13: 废墟魔像 | M13: 0.1
A14: t2_6 | B14: 瞭望塔 | C14: T2 | D14: 250 | E14: 中危 | F14: 高资源：宝箱+2 | G14: 18 | H14: 9 | I14: 2 | J14: 晴 | K14: 远古魔像 | L14: 废墟魔像 | M14: 0.14
... A26: t4_6 | B26: 远古竞技场 | C26: T4 | D26: 2000 | E26: 绝境 | F26: 圆形封闭：纯战斗 | G26: 40 | H26: 11 | I26: 4 | J26: 晴 | K26: 决斗精英 | L26: 竞技场冠军 | M26: 0.45

Sheet 农田扩建
A1: 农田扩建费用（共 48 格，初始 8 格）
A2: 格号 | B2: 状态 | C2: 扩建金币 | D2: 扩建纤维 | E2: 累计金币 | F2: 累计纤维
A3: 1 | B3: 初始解锁 | C3: 0 | D3: 0 | E3: 0 | F3: 0
A4: 2 | B4: 初始解锁 | C4: 0 | D4: 0 | E4: 0 | F4: 0
A5: 3 | B5: 初始解锁 | C5: 0 | D5: 0 | E5: 0 | F5: 0
A6: 4 | B6: 初始解锁 | C6: 0 | D6: 0 | E6: 0 | F6: 0
A7: 5 | B7: 初始解锁 | C7: 0 | D7: 0 | E7: 0 | F7: 0
A8: 6 | B8: 初始解锁 | C8: 0 | D8: 0 | E8: 0 | F8: 0
A9: 7 | B9: 初始解锁 | C9: 0 | D9: 0 | E9: 0 | F9: 0
A10: 8 | B10: 初始解锁 | C10: 0 | D10: 0 | E10: 0 | F10: 0
A11: 9 | B11: 扩建 | C11: 90 | D11: 0 | E11: =C11 | F11: =D11
A12: 10 | B12: 扩建 | C12: 125 | D12: 0 | E12: =E11+C12 | F12: =F11+D12
A13: 11 | B13: 扩建 | C13: 160 | D13: 0 | E13: =E12+C13 | F13: =F12+D13
A14: 12 | B14: 扩建 | C14: 195 | D14: 0 | E14: =E13+C14 | F14: =F13+D14
A15: 13 | B15: 扩建 | C15: 230 | D15: 1 | E15: =E14+C15 | F15: =F14+D15
A16: 14 | B16: 扩建 | C16: 265 | D16: 1 | E16: =E15+C16 | F16: =F15+D16
A17: 15 | B17: 扩建 | C17: 300 | D17: 1 | E17: =E16+C17 | F17: =F16+D17
A18: 16 | B18: 扩建 | C18: 335 | D18: 1 | E18: =E17+C18 | F18: =F17+D18
A19: 17 | B19: 扩建 | C19: 370 | D19: 1 | E19: =E18+C19 | F19: =F18+D19
A20: 18 | B20: 扩建 | C20: 405 | D20: 2 | E20: =E19+C20 | F20: =F19+D20
A21: 19 | B21: 扩建 | C21: 440 | D21: 2 | E21: =E20+C21 | F21: =F20+D21
A22: 20 | B22: 扩建 | C22: 475 | D22: 2 | E22: =E21+C22 | F22: =F21+D22
A23: 21 | B23: 扩建 | C23: 510 | D23: 2 | E23: =E22+C23 | F23: =F22+D23
... A50: 48 | B50: 扩建 | C50: 1455 | D50: 8 | E50: =E49+C50 | F50: =F49+D50

Sheet 玩家与远征参数
A1: 玩家基础属性与远征全局参数
A2: 分组 | B2: 参数 | C2: 数值
A3: 玩家 | B3: 最大生命 | C3: 100
A4: 玩家 | B4: 最大能量 | C4: 100
A5: 玩家 | B5: 移动速度 | C5: 220
A6: 玩家 | B6: 冲刺速度 | C6: 380
A7: 玩家 | B7: 冲刺能量消耗 | C7: 30
A8: 玩家 | B8: 能量回复/s | C8: 15
A9: 玩家 | B9: 徒手伤害 | C9: 12
A10: 玩家 | B10: 徒手攻击范围 | C10: 60
A11: 玩家 | B11: 徒手攻击间隔(s) | C11: 0.5
A12: 远征 | B12: 一局时长(s) | C12: 720
A13: 远征 | B13: 地图尺寸(px) | C13: 2400
A14: 远征 | B14: 常规撤离读条(s) | C14: 15
... A21: 能量(技能资源) | B21: 精英击杀回复 | C21: 8
A22: 技能卡槽 | B22: 卡槽等级门槛 | C22: Lv1 / 20 / 40 / 60 / 80 → 1 / 2 / 3 / 4 / 5 槽
A23: 消耗品携带 | B23: 准备大厅携带上限 | C23: 5 件（仅草药包扎包/荆棘狂潮/撤离信号弹三种战术品）
